email,first_name,last_name
6201@gmail.com,6201番目のユーザー,でーす！
6202@gmail.com,6202番目のユーザー,でーす！
6203@gmail.com,6203番目のユーザー,でーす！
6204@gmail.com,6204番目のユーザー,でーす！
6205@gmail.com,6205番目のユーザー,でーす！
6206@gmail.com,6206番目のユーザー,でーす！
6207@gmail.com,6207番目のユーザー,でーす！
6208@gmail.com,6208番目のユーザー,でーす！
6209@gmail.com,6209番目のユーザー,でーす！
6210@gmail.com,6210番目のユーザー,でーす！
6211@gmail.com,6211番目のユーザー,でーす！
6212@gmail.com,6212番目のユーザー,でーす！
6213@gmail.com,6213番目のユーザー,でーす！
6214@gmail.com,6214番目のユーザー,でーす！
6215@gmail.com,6215番目のユーザー,でーす！
6216@gmail.com,6216番目のユーザー,でーす！
6217@gmail.com,6217番目のユーザー,でーす！
6218@gmail.com,6218番目のユーザー,でーす！
6219@gmail.com,6219番目のユーザー,でーす！
6220@gmail.com,6220番目のユーザー,でーす！
6221@gmail.com,6221番目のユーザー,でーす！
6222@gmail.com,6222番目のユーザー,でーす！
6223@gmail.com,6223番目のユーザー,でーす！
6224@gmail.com,6224番目のユーザー,でーす！
6225@gmail.com,6225番目のユーザー,でーす！
6226@gmail.com,6226番目のユーザー,でーす！
6227@gmail.com,6227番目のユーザー,でーす！
6228@gmail.com,6228番目のユーザー,でーす！
6229@gmail.com,6229番目のユーザー,でーす！
6230@gmail.com,6230番目のユーザー,でーす！
6231@gmail.com,6231番目のユーザー,でーす！
6232@gmail.com,6232番目のユーザー,でーす！
6233@gmail.com,6233番目のユーザー,でーす！
6234@gmail.com,6234番目のユーザー,でーす！
6235@gmail.com,6235番目のユーザー,でーす！
6236@gmail.com,6236番目のユーザー,でーす！
6237@gmail.com,6237番目のユーザー,でーす！
6238@gmail.com,6238番目のユーザー,でーす！
6239@gmail.com,6239番目のユーザー,でーす！
6240@gmail.com,6240番目のユーザー,でーす！
6241@gmail.com,6241番目のユーザー,でーす！
6242@gmail.com,6242番目のユーザー,でーす！
6243@gmail.com,6243番目のユーザー,でーす！
6244@gmail.com,6244番目のユーザー,でーす！
6245@gmail.com,6245番目のユーザー,でーす！
6246@gmail.com,6246番目のユーザー,でーす！
6247@gmail.com,6247番目のユーザー,でーす！
6248@gmail.com,6248番目のユーザー,でーす！
6249@gmail.com,6249番目のユーザー,でーす！
6250@gmail.com,6250番目のユーザー,でーす！
6251@gmail.com,6251番目のユーザー,でーす！
6252@gmail.com,6252番目のユーザー,でーす！
6253@gmail.com,6253番目のユーザー,でーす！
6254@gmail.com,6254番目のユーザー,でーす！
6255@gmail.com,6255番目のユーザー,でーす！
6256@gmail.com,6256番目のユーザー,でーす！
6257@gmail.com,6257番目のユーザー,でーす！
6258@gmail.com,6258番目のユーザー,でーす！
6259@gmail.com,6259番目のユーザー,でーす！
6260@gmail.com,6260番目のユーザー,でーす！
6261@gmail.com,6261番目のユーザー,でーす！
6262@gmail.com,6262番目のユーザー,でーす！
6263@gmail.com,6263番目のユーザー,でーす！
6264@gmail.com,6264番目のユーザー,でーす！
6265@gmail.com,6265番目のユーザー,でーす！
6266@gmail.com,6266番目のユーザー,でーす！
6267@gmail.com,6267番目のユーザー,でーす！
6268@gmail.com,6268番目のユーザー,でーす！
6269@gmail.com,6269番目のユーザー,でーす！
6270@gmail.com,6270番目のユーザー,でーす！
6271@gmail.com,6271番目のユーザー,でーす！
6272@gmail.com,6272番目のユーザー,でーす！
6273@gmail.com,6273番目のユーザー,でーす！
6274@gmail.com,6274番目のユーザー,でーす！
6275@gmail.com,6275番目のユーザー,でーす！
6276@gmail.com,6276番目のユーザー,でーす！
6277@gmail.com,6277番目のユーザー,でーす！
6278@gmail.com,6278番目のユーザー,でーす！
6279@gmail.com,6279番目のユーザー,でーす！
6280@gmail.com,6280番目のユーザー,でーす！
6281@gmail.com,6281番目のユーザー,でーす！
6282@gmail.com,6282番目のユーザー,でーす！
6283@gmail.com,6283番目のユーザー,でーす！
6284@gmail.com,6284番目のユーザー,でーす！
6285@gmail.com,6285番目のユーザー,でーす！
6286@gmail.com,6286番目のユーザー,でーす！
6287@gmail.com,6287番目のユーザー,でーす！
6288@gmail.com,6288番目のユーザー,でーす！
6289@gmail.com,6289番目のユーザー,でーす！
6290@gmail.com,6290番目のユーザー,でーす！
6291@gmail.com,6291番目のユーザー,でーす！
6292@gmail.com,6292番目のユーザー,でーす！
6293@gmail.com,6293番目のユーザー,でーす！
6294@gmail.com,6294番目のユーザー,でーす！
6295@gmail.com,6295番目のユーザー,でーす！
6296@gmail.com,6296番目のユーザー,でーす！
6297@gmail.com,6297番目のユーザー,でーす！
6298@gmail.com,6298番目のユーザー,でーす！
6299@gmail.com,6299番目のユーザー,でーす！
6300@gmail.com,6300番目のユーザー,でーす！
